Wave,Opus2
https://www.windowgenie.com/locations/georgia/savannah/,https://www.windowgenie.com/savannah/
https://www.windowgenie.com/locations/louisiana/shreveport/,https://www.windowgenie.com/shreveport/
https://www.windowgenie.com/locations/south-carolina/myrtle-beach/,https://www.windowgenie.com/myrtle-beach/
https://www.windowgenie.com/locations/south-carolina/charleston/,https://www.windowgenie.com/charleston-coastal/
https://www.windowgenie.com/locations/ohio/canton/,https://www.windowgenie.com/canton/
https://www.windowgenie.com/locations/ohio/cleveland/,https://www.windowgenie.com/cleveland-west/
https://www.windowgenie.com/locations/ohio/columbus/,https://www.windowgenie.com/columbus-east/
https://www.windowgenie.com/locations/south-carolina/hilton-head-island/,https://www.windowgenie.com/beaufort-county/
https://www.windowgenie.com/locations/ohio/toledo/,https://www.windowgenie.com/toledo/
https://www.windowgenie.com/locations/ohio/west-chester/,https://www.windowgenie.com/westchester/
https://www.windowgenie.com/locations/kentucky/lexington/,https://www.windowgenie.com/lexington/
https://www.windowgenie.com/locations/kentucky/louisville/,https://www.windowgenie.com/louisville
https://www.windowgenie.com/atlanta-metro/locations/georgia/roswell/,https://www.windowgenie.com/atlanta-metro/
https://www.windowgenie.com/locations/georgia/loganville/,https://www.windowgenie.com/eastatlanta/
https://www.windowgenie.com/locations/ohio/cuba/,https://www.windowgenie.com/ne-cincinnati/
,
,
,
,
,
,
,
,
